Video ID,Song Title,Album Title,Artist Name 1,Artist Name 2,Artist Name 3,Artist Name 4,Artist Name 5
jIjTFt6XmFM,(Nice Dream),The Bends,Radiohead,,,,
Nu5kZIViwxs,10/10,Pony,Rex Orange County,,,,
yLyEkCRQfGQ,4 Seasons,Apricot Princess,Rex Orange County,,,,
s9i-W7a4ZVQ,4Me 4Me,4Me 4Me,Malcolm Todd,,,,
hhsD3eyUlYk,A Couple Minutes,The Art of Loving,Olivia Dean,,,,
KWuyx6yZ21U,A Sky Full of Stars,Ghost Stories,Coldplay,,,,
4PgOJwUCdIc,About You,Being Funny In A Foreign Language,The 1975,,,,
EdmpLGERRvQ,About You,Being Funny In A Foreign Language,The 1975,,,,
zV6P77Y4D6k,AFTER HOURS,AFTER HOURS,Avenoir,,,,
9jdLnFYQh4s,"All The Stars (From ""Black Panther: The Album"")",All the Stars,Kendrick Lamar,SZA,,,
ju4KQT0wL0I,All The Stars,Black Panther The Album Music From And Inspired By,Kendrick Lamar,SZA,,,
X9cBifpETO8,Already Gone,"Covers, Vol. 2",Sleeping At Last,,,,
P-X-iHTe5PI,Am I Dreaming,METRO BOOMIN PRESENTS SPIDER-MAN: ACROSS THE SPIDER-VERSE (SOUNDTRACK FROM AND INSPIRED BY THE MOTION PICTURE),Metro Boomin,A$AP Rocky,Roisee,,
N-6ZE_1avDo,Amtrak,Amtrak,Los Retros,,,,
QuNFG3Zt4-Q,anything,songs,Adrianne Lenker,,,,
DdI598gKkKw,Apocalypse,Cigarettes After Sex,Cigarettes After Sex,,,,
LlxOzikJ0a4,Apocalypse,Apocalypse,Cigarettes After Sex,,,,
Gb76TgCUqAY,ARE WE STILL FRIENDS?,IGOR,"Tyler, The Creator",,,,
ypBbg3-WbD4,At The Door,The New Abnormal,The Strokes,,,,
9vWNauaZAgg,Back In Black,Back In Black,AC/DC,,,,
dbEY-JVHJWg,back to friends,back to friends,sombr,,,,
4W0-DqdecqQ,back to friends (slowed + reverb),back to friends (slowed + reverb),MysticSound38,,,,
pHDrrEN_NS8,Backseat,Backseat,Balu Brigada,,,,
EAyY3_xWZYY,bad,0.1 flaws and all.,wave to earth,,,,
JseJETvMtHY,BAILE INoLVIDABLE,DeBÍ TiRAR MáS FOToS,Bad Bunny,,,,
2RBhN09ZQdc,Bang Bang,Troubadour,K'NAAN,Adam Levine,,,
Qf-mfSprHOk,Barely Legal,Is This It,The Strokes,,,,
4Uyli38PzT8,Be Be Your Love,Happenstance,Rachael Yamagata,,,,
OMciTtH1Cxg,Beanie,47,Chezile,,,,
Ro0vTEuSUuo,Beanie,Beanie,Chezile,,,,
eLhSxOAaWmg,Beautiful Things,Fireworks & Rollerblades,Benson Boone,,,,
a6EJoFuCAEQ,Belly (The Grass Stains),Bcos U Will Never B Free,Rex Orange County,,,,
MMvlxSupSVE,Best Friend,Best Friend,Rex Orange County,,,,
zNhtz0Lygik,Best Part,Freudian,Daniel Caesar,H.E.R.,,,
WKZO-CWeOVA,BIRDS OF A FEATHER,HIT ME HARD AND SOFT,Billie Eilish,,,,
IYNd35h1jrk,Bleed,Accept,Dead Calm,,,,
nIQxhSvSRnQ,Bodysnatchers,In Rainbows,Radiohead,,,,
yl3TsqL0ZPw,Bohemian Rhapsody,Bohemian Rhapsody (The Original Soundtrack),Queen,,,,
sSUecTSYulM,Brazil,What Do You Think About the Car?,Declan McKenna,,,,
w0kLkDCoRXc,Build Me Up Buttercup (Mono),Baby Now That I've Found You,The Foundations,,,,
Txn5-dKLFHg,"Call It Fate, Call It Karma",Comedown Machine,The Strokes,,,,
n-IwmbARwBo,Can I Call You Tonight?,Can I Call You Tonight?,Dayglow,,,,
TlrNxJqODBc,Can't Help Falling In Love,Elvis 30 #1 Hits,Elvis Presley,,,,
D4INE2zO9OU,Can't Stop,By the Way (Deluxe Edition),Red Hot Chili Peppers,,,,
YympCsGPePc,Carla's Song,"Kiss All The Time. Disco, Occasionally.",Harry Styles,,,,
wqlTrBCNRiY,Castle on the Hill,÷ (Deluxe),Ed Sheeran,,,,
sgj04v5sDm4,Chasing Cars,Eyes Open,Snow Patrol,,,,
bT-747EMWds,Cheer Me On,Cheer Me On,Malcolm Todd,,,,
8JNnnvlbtdw,Cherry Wine,Cherry Wine,grentperez,,,,
KRU-6509ZiI,Chest Pain (I Love),Chest Pain (I Love),Malcolm Todd,,,,
zKFzKIa_pIM,Chlorine,Trench,twenty one pilots,,,,
q9TQFZJ2biM,"City Of Stars (From ""La La Land"" Soundtrack)",City Of Stars (From La La Land Soundtrack),Ryan Gosling,Emma Stone,,,
rsf_gTZG4cI,Come and Get Your Love (Single Version),Come and Get Your Love (Single Edit),Redbone,,,,
IboBz1CMZWI,Come Inside Of My Heart,CLAPCLAPCLAP!,IV Of Spades,,,,
GbpnAGajyMc,Come On Eileen,Too Rye Ay,Dexys Midnight Runners,,,,
_GWKkqNoyEA,Counting Stars,Native,OneRepublic,,,,
7zdwOOlkFIc,Cowpoke,Cover Album,Isaiah Sheffield,,,,
ZaQuN5RvM28,Cowpoke,Broken Window Serenade,Isaiah Sheffield,,,,
9RfVp-GhKfs,Creep,Creep,Radiohead,,,,
zFYEYRcjK2g,Creep,Pablo Honey,Radiohead,,,,
4BX5xpB2DBM,Creep (Acoustic),Creep EP,Radiohead,,,,
YkLLcIKhJ64,Dancing Queen,Arrival,ABBA,,,,
wjNln9mXuTI,Deceptacon,Le Tigre,Le Tigre,,,,
pHw5jgsE_pY,deja vu,SOUR,Olivia Rodrigo,,,,
EPn9pzrx2Ec,Deslocado,Deslocado,NAPA,,,,
mTLQhPFx2nM,Die For You,Starboy,The Weeknd,,,,
BHu5JM1v7dY,Die For You,SMITHEREENS,Joji,,,,
DlFXDl_ROAM,Die With A Smile,MAYHEM,Lady Gaga,Bruno Mars,,,
pqrUQrAcfo4,Do I Wanna Know?,AM,Arctic Monkeys,,,,
jY18sEHH6d0,Do I Wanna Know? (Live At the BBC),Hozier (Special Edition),Hozier,,,,
tpMGRbeofxY,Do Ya Like X Resonance,Do Ya Like X Resonance,MiracVR,,,,
cX5oH0V7Dc8,Don't Even Text,Don't Even Text,Tsumyoki,gini,,,
aW_8kbyOKeQ,Don't Look Back In Anger,(What's The Story) Morning Glory?,Oasis,,,,
CczcMarUoVk,Don't Stop Me Now,Jazz,Queen,,,,
l0txe6yk8Kc,drivers license,SOUR,Olivia Rodrigo,,,,
rKULHotQzZw,drunk,drunk,keshi,,,,
TiebZllW8As,DtMF,DeBÍ TiRAR MáS FOToS,Bad Bunny,,,,
CHIWNDAwTqQ,Enter Sandman,Metallica,Metallica,,,,
 -SaUrDhp034,Every Breath You Take,Synchronicity (Remastered 2003),The Police,,,,
s_2ai8Tfh18,Everybody Loves Somebody,The Best Movie Songs,Casablanca Pops Orchestra,,,,
ftQpim6Q6O8,Everybody's Different,Garden State Vampire,Joe P,,,,
gpVBMot0AHc,everyday,everyday,Ryce,Chevy,,,
HXV5aZaBLDo,EVERYTHING,TEAM BABY,The Black Skirts,,,,
FapBH3j6WoA,Exit Music (For A Film),OK Computer OKNOTOK 1997 2017,Radiohead,,,,
6gDhsUWCHrg,Fake Plastic Trees,The Bends,Radiohead,,,,
SPIFZx8z5ow,Falling Down,A Message from the Moon,Tsumyoki,,,,
3hgabcFcp4A,Feel It (From “Invincible”),Feel It (From “Invincible”),d4vd,,,,
fnNjPUKmUH4,Fifteen Minutes,I Hate Jazz,Mike Krol,,,,
WCphVz0ZGns,First Love/Late Spring,Bury Me At Makeout Creek,Mitski,,,,
Oncu0bgdcXU,Fix You,X&Y,Coldplay,,,,
QkBLdUq4TZ8,Florence,Malcolm Todd,Malcolm Todd,,,,
KIXkpSQlFF4,forwards beckon rebound,songs,Adrianne Lenker,,,,
h8DeZSB2o-c,From The Start,Bewitched,Laufey,,,,
lH_-Vzg-Ph8,Fuzzy Feeling,Backflips in a Restaurant,grentperez,Benny Sings,,,
CM4DiAPbXXI,GESHUOU,GESHUOU,INOHA,,,,
qAsHVwl-MU4,Ghost Town,ye,Kanye West,PARTYNEXTDOOR,,,
Y_gwjtaLsOM,Gimme Love,Nectar,Joji,,,,
20zVdUxZdwg,Glimpse of Us,SMITHEREENS,Joji,,,,
Z9GSIzDqWnE,"Gone, Gone, Gone (Phillip's Version)","Gone, Gone, Gone (Phillip's Version)",Phillip Phillips,,,,
jt_Jp80RxqA,graze,graze,she's green,,,,
CGfhUD_lTiw,Halo (Blue Letter),In Breech,M. Byrd,,,,
R5HO5PwmH4Y,Happiness,Apricot Princess,Rex Orange County,,,,
10z6-vQm23w,Heaven Knows I'm Miserable Now,Hatful of Hollow,The Smiths,,,,
xUNqsfFUwhY,Here Comes The Sun (Remastered 2009),Abbey Road,The Beatles,,,,
BstMM-xrk8E,Hey Daddy (Daddy's Home),Raymond v Raymond (Expanded Edition),Usher,,,,
oEeet9t--tI,Hey There Delilah,All That We Needed,Plain White T's,,,,
ikFFVfObwss,Highway to Hell,Highway to Hell,AC/DC,,,,
hEk-8U7s6zQ,Hold Back The River,Chaos And The Calm,James Bay,,,,
A5rohNXvVSc,Home,Up From Below - 10th Anniversary Edition,Edward Sharpe & The Magnetic Zeros,,,,
7Z3uhIRkBNw,Hooked On A Feeling,Pinewood Rally,Blue Swede,Björn Skifs,,,
H3Kzh6RrnMc,Hymn for the Weekend,A Head Full of Dreams,Coldplay,,,,
MsSIVZlqC9w,I Like Me Better,I Like Me Better,Lauv,,,,
WiinVuzh4DA,i love you,"WHEN WE ALL FALL ASLEEP, WHERE DO WE GO?",Billie Eilish,,,,
Rbgw_rduQpM,I Really Want to Stay at Your House,"Cyberpunk 2077: Radio, Vol. 2 (Original Soundtrack)",Rosa Walton,Hallie Coggins,,,
g1cc2dFDXVc,I Saw Your Face,I Saw Your Face,Malcolm Todd,,,,
38ICl7_UvEI,I Think I Like When It Rains,Locals 2,WILLIS,,,,
nyuo9-OjNNg,I Wanna Be Yours,AM,Arctic Monkeys,,,,
8r3FaCiVFbA,I Want To Break Free (Single Remix),The Works (Deluxe Edition 2011 Remaster),Queen,,,,
9oPgHKWriVI,I'd Rather Pretend,VANITY,Bryant Barnes,,,,
bHM4HUQkwUs,I'll Believe In Anything,Apologies To The Queen Mary,Wolf Parade,,,,
oUv0NbjbGzQ,I'm Gonna Be (500 Miles),Sunshine on Leith,The Proclaimers,,,,
A93OQy81TYs,I'm Yours,I'm Yours,Jason Mraz,,,,
157XuWmvd80,If It Only Gets Better,Piss In The Wind,Joji,,,,
RTeOgfz3iTA,If It Only Gets Better,If It Only Gets Better,Joji,,,,
Ustmr9yrdfc,In Two,In Two,Will Paquin,,,,
Hozurw81jY8,innocence,innocence,MidnightSoul79,,,,
Dy_eP-mqWow,Iris,Dizzy up the Girl,Goo Goo Dolls,,,,
S_wSxrf5Jns,Is This Really Love?,WITHERED,d4vd,,,,
OZ0xDKyjD6c,It's Been a Long Long Time,Harry James:Hi-Fi Sessions,Harry James,,,,
D-WGPdDApzg,Izhaar,Izhaar,Tanmaya Bhatnagar,,,,
JgRCk4RNYkA,Joy,Joy,Inés Hall,,,,
HBzyuCda2RI,Just the Way You Are,Doo-Wops & Hooligans,Bruno Mars,,,,
DMqU_caQmXs,Kahaani,Kahaani,Tanmaya Bhatnagar,,,,
VHb_XIql_gU,Kids,Oracular Spectacular,MGMT,,,,
lyO-Sveg6a8,Knee Socks,AM,Arctic Monkeys,,,,
8ykI7RFzN84,Kya Tum Naraaz Ho? (Raw),Kya Tum Naraaz Ho? (Raw),Tanmaya Bhatnagar,,,,
Mj2jjJNl_ac,L'Amour Toujours,L'Amour Toujours,Constanze Hochwartner,,,,
9_GsWzt1dDo,La Vie en Rose,Masters of Jazz: Louis Armstrong,Louis Armstrong,,,,
bU9kTNlGk0g,Last of a Dying Breed,Piss In The Wind,Joji,,,,
ZVgHPSyEIqk,Let Down,OK Computer OKNOTOK 1997 2017,Radiohead,,,,
duBCwvC1kP4,Let Down,OK Computer,Radiohead,,,,
QDYfEBY9NM4,Let It Be (Remastered 2009),Let It Be,The Beatles,,,,
3U58T-9ocq0,Let The Light In,Did you know that there's a tunnel under Ocean Blvd,Lana Del Rey,Father John Misty,,,
dgUHE8wWhiE,Like Him,CHROMAKOPIA,"Tyler, The Creator",Lola Young,,,
uPxvvmlkNHw,Like Real People Do,Hozier,Hozier,,,,
zuaBRqUBhyw,Locked out of Heaven,Unorthodox Jukebox,Bruno Mars,,,,
o3sBKBqwYso,Looking Out for You,Looking Out for You,Joy Again,,,,
AeedWEyMYYo,Lose Control,I've Tried Everything But Therapy (Part 1),Teddy Swims,,,,
AVN7SJkNOR0,Lose My Mind [From F1® The Movie],Lose My Mind [From F1® The Movie],Don Toliver,Doja Cat,,,
EfqsJm6BKng,Love Me Again,Tribute,John Newman,,,,
2bqm4gRY3mA,Love Of My Life,A Night At The Opera,Queen,,,,
wuHFByoJweI,Lover Girl,Lover Girl,Laufey,,,,
AGgfFGrN88s,Ma Meilleure Ennemie (from the series Arcane League of Legends),Arcane League of Legends: Season 2 (Soundtrack from the Animated Series),Stromae,Pomme,,,
DntZ3-yCaFs,Manchild,Man’s Best Friend,Sabrina Carpenter,,,,
V5b1mq_IM2M,Mando,Mando,Will Paquin,,,,
Gl2TEwnacwM,Maple Syrup,Maple Syrup,The Backseat Lovers,,,,
IRfQI9Y6EK0,Matilda,Harry's House,Harry Styles,,,,
SsTkySHm3UE,MJRH,Jaago,Lifafa,,,,
peLRPSCeppI,Moth To A Flame,Dawn FM (Alternate World),Swedish House Mafia,The Weeknd,,,
EcSvMFm2ABE,Motion Picture Soundtrack,Kid A,Radiohead,,,,
DaSNtMnkt6A,Moves,I Can't Let Go,Suki Waterhouse,,,,
bJ8Sz8CJY5g,Mr. Blue Sky,Out of the Blue,Electric Light Orchestra,,,,
m2zUrruKjDQ,Mr. Brightside,Hot Fuss,The Killers,,,,
1Hq1QutDy9k,Mr. Incorrect,Mr. Incorrect,Malcolm Todd,,,,
eNgsB1srBw8,Much Too Much,The Alexander Technique,Rex Orange County,,,,
Hf244LCkkLc,Music Sounds Better With You,Music Sounds Better With You,Stardust,,,,
qQzdAsjWGPg,My Way (2008 Remastered),Nothing But The Best (2008 Remastered),Frank Sinatra,,,,
wkUVO6frGqE,Need 2,Everything So Far,Pinegrove,,,,
iGNUcQo1vxU,Nemo,Malcolm Todd (still),Malcolm Todd,,,,
W9teUoAtvoE,Nikamma,Jaago,Lifafa,,,,
f3cgcyx-oOQ,No Other Heart,Another One,Mac DeMarco,,,,
7374CZQoS2Y,No Surprises,OK Computer OKNOTOK 1997 2017,Radiohead,,,,
phLb_SoPBlA,Not Like Us,Not Like Us,Kendrick Lamar,,,,
Nv3bQao8l3I,Nothing,To Let A Good Thing Die,Bruno Major,,,,
hsQaOhAY13U,Now and at the Hour of Our Death,THY KINGDOM COME,$uicideboy$,BONES,,,
4-aiSnnghQk,Nude,In Rainbows,Radiohead,,,,
WdSGEvDGZAo,NUEVAYoL,DeBÍ TiRAR MáS FOToS,Bad Bunny,,,,
9x5WY_jmsko,"Ob-La-Di, Ob-La-Da (Remastered 2009)",The Beatles 1967 - 1970,The Beatles,,,,
CU0i9W_XkDI,Ode To The Mets,The New Abnormal,The Strokes,,,,
NgLWF2XJyKA,Old Yellow Bricks,Favourite Worst Nightmare,Arctic Monkeys,,,,
VZGt8DFyX6A,On & Off,On & Off,marQ,,,,
NLjswuFGXeE,On My Way,A Message from the Moon,Tsumyoki,Elttwo,,,
uU9Fe-WXew4,On Sight,Yeezus,Kanye West,,,,
iPml9-MUCpA,One Of These Days,The Alexander Technique,Rex Orange County,,,,
xBpqkPl8E_Y,Otro Atardecer,Un Verano Sin Ti,Bad Bunny,The Marías,,,
QJAL6VpX4dY,Over the Rainbow,Alone In Iz World,Israel Kamakawiwo'ole,,,,
W_K0hemcU5o,Paper Planes,Kala,M.I.A.,,,,
yfg52QhXlVo,Perfect Life,Perfect Life,Tsumyoki,,,,
SlbfAYvA_gI,Photograph,x (Deluxe Edition),Ed Sheeran,,,,
LLbew85exp0,Piano Man,Piano Man (Legacy Edition),Billy Joel,,,,
tVoiTA2qakE,Pink Blue,Pink Blue,Tsumyoki,Bharg,,,
nr7ne_wf5l4,Plage Coquillage (First Kiss Song),Plage Coquillage (First Kiss Song),Tao Mon Amour,,,,
SdKZajZ59uA,Pluto Projector,Pony,Rex Orange County,,,,
jOLT6ukrQSg,poster boy,2,2hollis,,,,
s_s-sXX4Kt4,Punkrocker (As featured in Superman),Soft Machine,Teddybears,Iggy Pop,,,
Va6ehQYsE0g,Pure,The Alexander Technique,Rex Orange County,,,,
qcZcISJAEb4,Razorblade,First Impressions Of Earth,The Strokes,,,,
py8v0sIXlZY,Regent's Park,To Let A Good Thing Die,Bruno Major,,,,
PmwGyulDeHs,Remember To Dance (Little Things),Remember To Dance (Little Things),Bruno Major,Adrián Berenguer,,,
exvt4dzmuaI,Resonance,Odyssey,Home,,,,
w1Smzzw_w7Q,Ride,Blurryface,twenty one pilots,,,,
BF2_ipR1OI0,Risk It All,The Romantic,Bruno Mars,,,,
X9c8momlvA8,Robbers,The 1975,The 1975,,,,
4OncUpJmhtk,Room For You,Room For You,grentperez,Lyn Lapid,,,
nNN88hijp-o,Roommates,Roommates,Malcolm Todd,,,,
VhEoCOWUtcU,Runaway,My Beautiful Dark Twisted Fantasy,Kanye West,Pusha T,,,
xKYDli0wl4o,Satellite,Satellite,Will Paquin,,,,
lS9Kgp6PsWY,Save Your Tears ((Remix) Bonus Track),After Hours (Deluxe),The Weeknd,Ariana Grande,,,
f9HF0DJ1cu8,Secret Door,Humbug,Arctic Monkeys,,,,
qEygdC7nmcU,Selfless,The New Abnormal,The Strokes,,,,
3cKtSlsYVEU,September,"The Best Of Earth, Wind & Fire Vol. 1","Earth, Wind & Fire",,,,
D_QLxj8jCF0,Seven Nation Army,Elephant,The White Stripes,,,,
RDuzszjrdcc,Seven Nation Army,Elephant,The White Stripes,,,,
pKzrZDAA8sg,Seventh Heaven,Seventh Heaven,INOHA,,,,
Ha1SXnSbJys,She's Always a Woman,Greatest Hits Volume I & Volume II,Billy Joel,,,,
ZUDBd-md0VE,Sienna,Submarine,The Marías,,,,
oHVVoe2Vj8s,Sign of the Times,Harry Styles,Harry Styles,,,,
4De_ERjvuUI,SLOW DANCING IN THE DARK,BALLADS 1,Joji,,,,
l5FknKiyg70,Smile,Smile,The Royal Concept,,,,
Im57pcoJ5Dk,Sodchona,Sodchona,Cyrus Berne,,,,
hJn4Abio0DM,Sofia,Immunity,Clairo,,,,
Xps2MU_uVps,Someone To Spend Time With,Someone To Spend Time With,Los Retros,,,,
LWXUdqvVO8Y,Somethin' Stupid,The World We Knew,Frank Sinatra,Nancy Sinatra,,,
0LuignGmX_0,Somewhere Only We Know,Hopes And Fears,Keane,,,,
twnw0RkK6zE,Somewhere Only We Know (Live From Mexico City / 2024 / Edit),Live From Mexico City 2024,Keane,,,,
O8xncnNMxTA,Sparks,THE BEST EVER: Acoustic,Coldplay,,,,
vkUeWTBH1Kg,Stand By Me,Don't Play That Song (Mono),Ben E. King,,,,
7wOcT-4tfGQ,Staring,Staring,Tipling Rock,,,,
aBKEt3MhNMM,Starman,The Rise and Fall of Ziggy Stardust and the Spiders from Mars,David Bowie,,,,
yuIB3jmC_0M,STORM II,STORM,GENER8ION,Yung Lean,,,
8M3Vlnu_i3c,Story of My Life,Midnight Memories (Deluxe),One Direction,,,,
ftqfjEKBvWk,Streetcar,Pilgrim's Paradise,Daniel Caesar,,,,
r7Rn4ryE_w8,Sunflower (Spider-Man: Into the Spider-Verse),Spider-Man: Into the Spider-Verse (Soundtrack From & Inspired by the Motion Picture),Post Malone,Swae Lee,,,
LV_V4Rsd9eU,SUPERPOSITION,CASE STUDY 01,Daniel Caesar,John Mayer,,,
bSe3xemu1LY,Superpowers,NEVER ENOUGH,Daniel Caesar,,,,
p9OtySpRRL8,Sweet Boy,Sweet Boy,Malcolm Todd,,,,
eRhg7qPLeN8,Sweet Dreams (Are Made of This) (2005 Remaster),Sweet Dreams (Are Made Of This),Eurythmics,,,,
qBeBqcqdSrk,"Sweet Dreams, TN",Everything You’ve Come To Expect,The Last Shadow Puppets,,,,
d11xns8lE4w,Take Me Out,Franz Ferdinand,Franz Ferdinand,,,,
JKlYOUfviXM,Take Me To Church,Hozier,Hozier,,,,
dSlYFtXENPo,Teenage Dirtbag,Wheatus,Wheatus,,,,
8ttpbQoJ7Ro,Tejano Blue,X's,Cigarettes After Sex,,,,
gPfmCw3UveY,Television / So Far So Good,Apricot Princess,Rex Orange County,,,,
826mxiKjoP0,The Adults Are Talking,The New Abnormal,The Strokes,,,,
Wml-iRl2lD8,The Born In Goa Anthem,The Born In Goa Anthem,Born In Goa,Princeton Colaco,Skeletron,Waking Grunt,BRAGA
F5b6dIe5_O4,The Modern Age,Is This It,The Strokes,,,,
3gv-XKHj0rw,The Most Beautiful Thing,To Let A Good Thing Die,Bruno Major,,,,
qQ0zxuWFxrY,The Reason,The Reason (15th Anniversary Deluxe),Hoobastank,,,,
EegPbRtmzXY,The Rebel Path,Cyberpunk 2077 - Original Score,P.T. Adamczyk,,,,
gm-Y9idMMQ4,The Scientist,A Rush of Blood to the Head,Coldplay,,,,
821xtdngxFo,The Table,The Alexander Technique,Rex Orange County,,,,
 -htLOynize8,the way things go,the way things go,beabadoobee,,,,
leZsqe2w5AY,The Winner Is,Little Miss Sunshine (Original Motion Picture Soundtrack),DeVotchKa,Mychael Danna,,,
3r-qDvD3F3c,There Is a Light That Never Goes Out,The Queen Is Dead,The Smiths,,,,
lhg9bYNLvOg,Thunderstruck,The Razors Edge,AC/DC,,,,
E0UN-pVTLf4,Til Kingdom Come,X&Y,Coldplay,,,,
XUKyV49P8F0,Time to Pretend,Oracular Spectacular,MGMT,,,,
SPWKAiRhZcs,Tom Tom (Flaxans Version),Tom Tom (Flaxans Version),Holy Fuck,,,,
pkV5Lh2dZ_A,Tongue Tied,Never Trust a Happy Song,GROUPLOVE,,,,
IN-PeAZDi7g,Too Sweet,Unreal Unearth: Unheard,Hozier,,,,
RaaccfAJiOo,Toronto 2014,NEVER ENOUGH,Daniel Caesar,Mustafa,,,
4QLvEIXlF6Q,traitor,SOUR,Olivia Rodrigo,,,,
mbVKGlh3gg4,True Love Waits (Live in Oslo),I Might Be Wrong,Radiohead,,,,
aHmg0jsmNhg,vampire,GUTS,Olivia Rodrigo,,,,
tceoGDRxtcI,We Are Sex Bob-Omb,Scott Pilgrim vs. the World (Original Motion Picture Soundtrack),Sex Bob-Omb,,,,
f_K_0SNaRk0,We Are Young,Some Nights,fun.,Janelle Monáe,,,
iGKJe7QGoXk,What You Know,Tourist History (Deluxe Edition),Two Door Cinema Club,,,,
S0V9zehc_h8,Where'd All the Time Go?,"Shame, Shame (Deluxe Edition)",Dr. Dog,,,,
ToO4VFCoR7U,White Ferrari,Blonde,Frank Ocean,,,,
Wzn4BLtE73o,Who Knows,Son Of Spergy,Daniel Caesar,,,,
_kUDTJA1KWk,Why Are Sundays So Depressing,The New Abnormal,The Strokes,,,,
lyzaCAf5a6s,Wishful Thinking,Wishful Thinking,grentperez,,,,
6_-A5QPt6Qg,Would That I,"Wasteland, Baby!",Hozier,,,,
9qnqYL0eNNI,Yellow,Parachutes,Coldplay,,,,
CTZbs0GHoFg,You Owe Me,Two New Malcolm Todd Songs,Malcolm Todd,,,,





